timestamp,pid,ppid,pcpu,pmem,rss_kb,comm
2026-08-24T12:35:46+08:00, 719438  719430  0.0  0.0 15240 python
2026-08-24T12:35:47+08:00, 719438  719430  918  0.7 520188 python
2026-08-24T12:35:48+08:00, 719438  719430  513  0.9 645904 python
2026-08-24T12:35:49+08:00, 719438  719430  377  1.0 708352 python
2026-08-24T12:35:51+08:00, 719438  719430  431  1.1 783188 python
2026-08-24T12:35:52+08:00, 719438  719430  371  1.2 839032 python
2026-08-24T12:35:53+08:00, 719438  719430  324  1.3 878140 python
2026-08-24T12:35:53+08:00, 720029  719438 22.0  0.0 19008 pdftoppm
2026-08-24T12:35:54+08:00, 719438  719430  243  1.3 878140 python
2026-08-24T12:35:54+08:00, 720029  719438 65.5  0.0 19288 pdftoppm
2026-08-24T12:35:55+08:00, 719438  719430  217  1.3 883320 python
2026-08-24T12:35:56+08:00, 719438  719430  206  1.6 1051260 python
2026-08-24T12:35:57+08:00, 719438  719430  197  1.8 1192756 python
2026-08-24T12:35:58+08:00, 719438  719430  190  1.8 1242256 python
2026-08-24T12:35:59+08:00, 719438  719430  183  2.1 1434920 python
2026-08-24T12:36:00+08:00, 719438  719430  178  2.2 1461416 python
2026-08-24T12:36:01+08:00, 719438  719430  173  2.3 1549084 python
2026-08-24T12:36:03+08:00, 719438  719430  169  2.5 1680716 python
2026-08-24T12:36:04+08:00, 719438  719430  166  2.5 1691132 python
2026-08-24T12:36:05+08:00, 719438  719430  163  2.8 1841784 python
2026-08-24T12:36:06+08:00, 719438  719430  152  2.8 1851620 python
2026-08-24T12:36:07+08:00, 719438  719430  150  2.8 1884952 python
2026-08-24T12:36:08+08:00, 719438  719430  148  2.8 1897924 python
2026-08-24T12:36:09+08:00, 719438  719430  146  3.0 1988952 python
2026-08-24T12:36:10+08:00, 719438  719430  141  2.9 1932232 python
2026-08-24T12:36:10+08:00, 721184  719438  3.0  0.0 14532 python
2026-08-24T12:36:10+08:00, 721185  719438  595  0.7 506280 python
2026-08-24T12:36:11+08:00, 719438  719430  135  2.9 1932232 python
2026-08-24T12:36:11+08:00, 721184  719438  1.5  0.0 14532 python
2026-08-24T12:36:11+08:00, 721185  719438  351  0.9 637080 python
2026-08-24T12:36:12+08:00, 719438  719430  130  2.9 1932232 python
2026-08-24T12:36:12+08:00, 721184  719438  1.0  0.0 14532 python
2026-08-24T12:36:12+08:00, 721185  719438  270  1.0 704196 python
2026-08-24T12:36:13+08:00, 719438  719430  125  2.9 1932232 python
2026-08-24T12:36:13+08:00, 721184  719438  0.7  0.0 14532 python
2026-08-24T12:36:13+08:00, 721185  719438  229  1.1 750880 python
2026-08-24T12:36:15+08:00, 719438  719430  121  2.9 1932232 python
2026-08-24T12:36:15+08:00, 721184  719438  0.6  0.0 14532 python
2026-08-24T12:36:15+08:00, 721185  719438  307  1.2 817840 python
2026-08-24T12:36:16+08:00, 719438  719430  117  2.9 1932232 python
2026-08-24T12:36:16+08:00, 721184  719438  0.5  0.0 14532 python
2026-08-24T12:36:16+08:00, 721185  719438  274  1.3 877292 python
2026-08-24T12:36:17+08:00, 719438  719430  113  2.9 1932364 python
2026-08-24T12:36:17+08:00, 721184  719438  0.3  0.0 14596 python
2026-08-24T12:36:17+08:00, 721185  719438  219  1.4 925896 VLLM::EngineCor
2026-08-24T12:36:18+08:00, 719438  719430  106  2.9 1932364 python
2026-08-24T12:36:18+08:00, 721184  719438  0.3  0.0 14596 python
2026-08-24T12:36:18+08:00, 721185  719438  206  1.7 1164324 VLLM::EngineCor
2026-08-24T12:36:19+08:00, 719438  719430  102  2.9 1932364 python
2026-08-24T12:36:19+08:00, 721184  719438  0.3  0.0 14596 python
2026-08-24T12:36:19+08:00, 721185  719438  197  2.0 1352952 VLLM::EngineCor
2026-08-24T12:36:20+08:00, 719438  719430 99.9  2.9 1932364 python
2026-08-24T12:36:20+08:00, 721184  719438  0.2  0.0 14596 python
2026-08-24T12:36:20+08:00, 721185  719438  208  2.9 1929100 VLLM::EngineCor
2026-08-24T12:36:21+08:00, 719438  719430 97.0  2.9 1932364 python
2026-08-24T12:36:21+08:00, 721184  719438  0.2  0.0 14596 python
2026-08-24T12:36:21+08:00, 721185  719438  200  3.1 2066640 VLLM::EngineCor
2026-08-24T12:36:22+08:00, 719438  719430 94.3  2.9 1932364 python
2026-08-24T12:36:22+08:00, 721184  719438  0.2  0.0 14596 python
2026-08-24T12:36:22+08:00, 721185  719438  193  3.1 2089068 VLLM::EngineCor
2026-08-24T12:36:23+08:00, 719438  719430 91.8  2.9 1932364 python
2026-08-24T12:36:23+08:00, 721184  719438  0.2  0.0 14596 python
2026-08-24T12:36:23+08:00, 721185  719438  187  3.3 2200300 VLLM::EngineCor
2026-08-24T12:36:24+08:00, 719438  719430 89.3  2.9 1932364 python
2026-08-24T12:36:24+08:00, 721184  719438  0.2  0.0 14596 python
2026-08-24T12:36:24+08:00, 721185  719438  182  3.3 2211780 VLLM::EngineCor
2026-08-24T12:36:25+08:00, 719438  719430 87.1  2.9 1932364 python
2026-08-24T12:36:25+08:00, 721184  719438  0.1  0.0 14596 python
2026-08-24T12:36:25+08:00, 721185  719438  178  3.3 2211780 VLLM::EngineCor
2026-08-24T12:36:27+08:00, 719438  719430 84.9  2.9 1932364 python
2026-08-24T12:36:27+08:00, 721184  719438  0.1  0.0 14596 python
2026-08-24T12:36:27+08:00, 721185  719438  174  3.4 2269848 VLLM::EngineCor
2026-08-24T12:36:28+08:00, 719438  719430 82.8  2.9 1932364 python
2026-08-24T12:36:28+08:00, 721184  719438  0.1  0.0 14596 python
2026-08-24T12:36:28+08:00, 721185  719438  170  3.7 2471480 VLLM::EngineCor
2026-08-24T12:36:29+08:00, 719438  719430 79.0  2.9 1932364 python
2026-08-24T12:36:29+08:00, 721184  719438  0.1  0.0 14596 python
2026-08-24T12:36:29+08:00, 721185  719438  159  3.4 2251056 VLLM::EngineCor
2026-08-24T12:36:30+08:00, 719438  719430 77.2  2.9 1932364 python
2026-08-24T12:36:30+08:00, 721184  719438  0.1  0.0 14596 python
2026-08-24T12:36:30+08:00, 721185  719438  185  3.8 2520356 VLLM::EngineCor
2026-08-24T12:36:31+08:00, 719438  719430 75.4  2.9 1932364 python
2026-08-24T12:36:31+08:00, 721184  719438  0.1  0.0 14596 python
2026-08-24T12:36:31+08:00, 721185  719438  183  3.9 2591476 VLLM::EngineCor
2026-08-24T12:36:32+08:00, 719438  719430 73.8  2.9 1932364 python
2026-08-24T12:36:32+08:00, 721184  719438  0.1  0.0 14596 python
2026-08-24T12:36:32+08:00, 721185  719438  180  4.0 2630328 VLLM::EngineCor
2026-08-24T12:36:33+08:00, 719438  719430 72.2  2.9 1932364 python
2026-08-24T12:36:33+08:00, 721184  719438  0.1  0.0 14596 python
2026-08-24T12:36:33+08:00, 721185  719438  177  4.0 2644248 VLLM::EngineCor
2026-08-24T12:36:34+08:00, 719438  719430 70.7  2.9 1932364 python
2026-08-24T12:36:34+08:00, 721184  719438  0.1  0.0 14596 python
2026-08-24T12:36:34+08:00, 721185  719438  174  4.0 2644248 VLLM::EngineCor
2026-08-24T12:36:35+08:00, 719438  719430 69.3  2.9 1932364 python
2026-08-24T12:36:35+08:00, 721184  719438  0.1  0.0 14596 python
2026-08-24T12:36:35+08:00, 721185  719438  172  4.1 2740560 VLLM::EngineCor
2026-08-24T12:36:36+08:00, 719438  719430 67.9  2.9 1932364 python
2026-08-24T12:36:36+08:00, 721184  719438  0.1  0.0 14596 python
2026-08-24T12:36:36+08:00, 721185  719438  169  4.3 2840904 VLLM::EngineCor
2026-08-24T12:36:38+08:00, 719438  719430 66.6  2.9 1932364 python
2026-08-24T12:36:38+08:00, 721184  719438  0.1  0.0 14596 python
2026-08-24T12:36:38+08:00, 721185  719438  165  4.3 2843336 VLLM::EngineCor
2026-08-24T12:36:39+08:00, 719438  719430 65.3  2.9 1932364 python
2026-08-24T12:36:39+08:00, 721184  719438  0.1  0.0 14596 python
2026-08-24T12:36:39+08:00, 721185  719438  162  4.3 2844972 VLLM::EngineCor
2026-08-24T12:36:40+08:00, 719438  719430 64.0  2.9 1932364 python
2026-08-24T12:36:40+08:00, 721184  719438  0.1  0.0 14596 python
2026-08-24T12:36:40+08:00, 721185  719438  159  4.3 2844976 VLLM::EngineCor
2026-08-24T12:36:41+08:00, 719438  719430 61.7  2.9 1932364 python
2026-08-24T12:36:41+08:00, 721184  719438  0.0  0.0 14596 python
2026-08-24T12:36:41+08:00, 721185  719438  152  4.3 2846456 VLLM::EngineCor
2026-08-24T12:36:42+08:00, 719438  719430 60.6  2.9 1932364 python
2026-08-24T12:36:42+08:00, 721184  719438  0.0  0.0 14596 python
2026-08-24T12:36:42+08:00, 721185  719438  150  4.3 2850008 VLLM::EngineCor
2026-08-24T12:36:43+08:00, 719438  719430 59.5  2.9 1932364 python
2026-08-24T12:36:43+08:00, 721184  719438  0.0  0.0 14596 python
2026-08-24T12:36:43+08:00, 721185  719438  148  4.3 2855016 VLLM::EngineCor
2026-08-24T12:36:44+08:00, 719438  719430 58.5  2.9 1932364 python
2026-08-24T12:36:44+08:00, 721184  719438  0.0  0.0 14596 python
2026-08-24T12:36:44+08:00, 721185  719438  146  4.3 2856608 VLLM::EngineCor
2026-08-24T12:36:45+08:00, 719438  719430 57.5  2.9 1932364 python
2026-08-24T12:36:45+08:00, 721184  719438  0.0  0.0 14596 python
2026-08-24T12:36:45+08:00, 721185  719438  145  4.3 2860164 VLLM::EngineCor
2026-08-24T12:36:46+08:00, 719438  719430 56.6  2.9 1932364 python
2026-08-24T12:36:46+08:00, 721184  719438  0.0  0.0 14596 python
2026-08-24T12:36:46+08:00, 721185  719438  143  4.3 2868200 VLLM::EngineCor
2026-08-24T12:36:47+08:00, 719438  719430 55.6  2.9 1932364 python
2026-08-24T12:36:47+08:00, 721184  719438  0.0  0.0 14596 python
2026-08-24T12:36:47+08:00, 721185  719438  142  4.3 2872392 VLLM::EngineCor
2026-08-24T12:36:48+08:00, 719438  719430 54.7  2.9 1932364 python
2026-08-24T12:36:48+08:00, 721184  719438  0.0  0.0 14596 python
2026-08-24T12:36:48+08:00, 721185  719438  141  4.3 2872740 VLLM::EngineCor
2026-08-24T12:36:50+08:00, 719438  719430 53.9  2.9 1932364 python
2026-08-24T12:36:50+08:00, 721184  719438  0.0  0.0 14596 python
2026-08-24T12:36:50+08:00, 721185  719438  139  4.3 2873296 VLLM::EngineCor
2026-08-24T12:36:51+08:00, 719438  719430 53.0  2.9 1932364 python
2026-08-24T12:36:51+08:00, 721184  719438  0.0  0.0 14596 python
2026-08-24T12:36:51+08:00, 721185  719438  138  4.3 2875040 VLLM::EngineCor
2026-08-24T12:36:52+08:00, 719438  719430 52.2  2.9 1932364 python
2026-08-24T12:36:52+08:00, 721184  719438  0.0  0.0 14596 python
2026-08-24T12:36:52+08:00, 721185  719438  137  4.3 2875736 VLLM::EngineCor
2026-08-24T12:36:53+08:00, 719438  719430 50.7  2.9 1932364 python
2026-08-24T12:36:53+08:00, 721184  719438  0.0  0.0 14596 python
2026-08-24T12:36:53+08:00, 721185  719438  132  4.3 2878168 VLLM::EngineCor
2026-08-24T12:36:54+08:00, 719438  719430 49.9  2.9 1932364 python
2026-08-24T12:36:54+08:00, 721184  719438  0.0  0.0 14596 python
2026-08-24T12:36:54+08:00, 721185  719438  131  4.3 2881596 VLLM::EngineCor
2026-08-24T12:36:55+08:00, 719438  719430 49.2  2.9 1932364 python
2026-08-24T12:36:55+08:00, 721184  719438  0.0  0.0 14596 python
2026-08-24T12:36:55+08:00, 721185  719438  131  4.3 2883148 VLLM::EngineCor
2026-08-24T12:36:56+08:00, 719438  719430 48.5  2.9 1932364 python
2026-08-24T12:36:56+08:00, 721184  719438  0.0  0.0 14596 python
2026-08-24T12:36:56+08:00, 721185  719438  130  4.4 2886248 VLLM::EngineCor
2026-08-24T12:36:57+08:00, 719438  719430 47.8  2.9 1932364 python
2026-08-24T12:36:57+08:00, 721184  719438  0.0  0.0 14596 python
2026-08-24T12:36:57+08:00, 721185  719438  129  4.4 2886716 VLLM::EngineCor
2026-08-24T12:36:58+08:00, 719438  719430 47.1  2.9 1932364 python
2026-08-24T12:36:58+08:00, 721184  719438  0.0  0.0 14596 python
2026-08-24T12:36:58+08:00, 721185  719438  128  4.4 2889536 VLLM::EngineCor
2026-08-24T12:36:59+08:00, 719438  719430 46.5  2.9 1932364 python
2026-08-24T12:36:59+08:00, 721184  719438  0.0  0.0 14596 python
2026-08-24T12:36:59+08:00, 721185  719438  128  4.4 2892104 VLLM::EngineCor
2026-08-24T12:37:00+08:00, 719438  719430 45.9  2.9 1932364 python
2026-08-24T12:37:00+08:00, 721184  719438  0.0  0.0 14596 python
2026-08-24T12:37:00+08:00, 721185  719438  127  4.4 2892408 VLLM::EngineCor
2026-08-24T12:37:02+08:00, 719438  719430 45.2  2.9 1932364 python
2026-08-24T12:37:02+08:00, 721184  719438  0.0  0.0 14596 python
2026-08-24T12:37:02+08:00, 721185  719438  127  4.4 2896024 VLLM::EngineCor
2026-08-24T12:37:03+08:00, 719438  719430 44.6  2.9 1932364 python
2026-08-24T12:37:03+08:00, 721184  719438  0.0  0.0 14596 python
2026-08-24T12:37:03+08:00, 721185  719438  125  4.4 2905716 VLLM::EngineCor
2026-08-24T12:37:04+08:00, 719438  719430 44.1  2.9 1932364 python
2026-08-24T12:37:04+08:00, 721184  719438  0.0  0.0 14596 python
2026-08-24T12:37:04+08:00, 721185  719438  122  4.4 2910884 VLLM::EngineCor
2026-08-24T12:37:05+08:00, 719438  719430 43.0  2.9 1932364 python
2026-08-24T12:37:05+08:00, 721184  719438  0.0  0.0 14596 python
2026-08-24T12:37:05+08:00, 721185  719438  122  4.4 2910884 VLLM::EngineCor
2026-08-24T12:37:06+08:00, 719438  719430 42.4  2.9 1932364 python
2026-08-24T12:37:06+08:00, 721184  719438  0.0  0.0 14596 python
2026-08-24T12:37:06+08:00, 721185  719438  121  4.4 2910888 VLLM::EngineCor
2026-08-24T12:37:07+08:00, 719438  719430 41.9  2.9 1932364 python
2026-08-24T12:37:07+08:00, 721184  719438  0.0  0.0 14596 python
2026-08-24T12:37:07+08:00, 721185  719438  121  4.4 2926936 VLLM::EngineCor
2026-08-24T12:37:08+08:00, 719438  719430 41.4  2.9 1932364 python
2026-08-24T12:37:08+08:00, 721184  719438  0.0  0.0 14596 python
2026-08-24T12:37:08+08:00, 721185  719438  120  4.4 2935476 VLLM::EngineCor
2026-08-24T12:37:09+08:00, 719438  719430 40.9  2.9 1932364 python
2026-08-24T12:37:09+08:00, 721184  719438  0.0  0.0 14596 python
2026-08-24T12:37:09+08:00, 721185  719438  119  4.4 2940792 VLLM::EngineCor
2026-08-24T12:37:10+08:00, 719438  719430 40.4  2.9 1932364 python
2026-08-24T12:37:10+08:00, 721184  719438  0.0  0.0 14596 python
2026-08-24T12:37:10+08:00, 721185  719438  119  4.4 2941384 VLLM::EngineCor
2026-08-24T12:37:11+08:00, 719438  719430 39.9  2.9 1932364 python
2026-08-24T12:37:11+08:00, 721184  719438  0.0  0.0 14596 python
2026-08-24T12:37:11+08:00, 721185  719438  118  4.5 2950280 VLLM::EngineCor
2026-08-24T12:37:12+08:00, 719438  719430 39.5  2.9 1932364 python
2026-08-24T12:37:12+08:00, 721184  719438  0.0  0.0 14596 python
2026-08-24T12:37:12+08:00, 721185  719438  118  4.5 2952564 VLLM::EngineCor
2026-08-24T12:37:14+08:00, 719438  719430 39.0  2.9 1932364 python
2026-08-24T12:37:14+08:00, 721184  719438  0.0  0.0 14596 python
2026-08-24T12:37:14+08:00, 721185  719438  117  4.5 2953072 VLLM::EngineCor
2026-08-24T12:37:15+08:00, 719438  719430 38.6  2.9 1932364 python
2026-08-24T12:37:15+08:00, 721184  719438  0.0  0.0 14596 python
2026-08-24T12:37:15+08:00, 721185  719438  117  4.5 2965232 VLLM::EngineCor
2026-08-24T12:37:16+08:00, 719438  719430 38.1  2.9 1932364 python
2026-08-24T12:37:16+08:00, 721184  719438  0.0  0.0 14596 python
2026-08-24T12:37:16+08:00, 721185  719438  116  4.5 2965240 VLLM::EngineCor
2026-08-24T12:37:17+08:00, 719438  719430 37.3  2.9 1932364 python
2026-08-24T12:37:17+08:00, 721184  719438  0.0  0.0 14596 python
2026-08-24T12:37:17+08:00, 721185  719438  114  4.5 2965320 VLLM::EngineCor
2026-08-24T12:37:18+08:00, 719438  719430 36.9  2.9 1932364 python
2026-08-24T12:37:18+08:00, 721184  719438  0.0  0.0 14596 python
2026-08-24T12:37:18+08:00, 721185  719438  114  4.5 2965408 VLLM::EngineCor
2026-08-24T12:37:19+08:00, 719438  719430 36.5  2.9 1932364 python
2026-08-24T12:37:19+08:00, 721184  719438  0.0  0.0 14596 python
2026-08-24T12:37:19+08:00, 721185  719438  113  4.5 2965408 VLLM::EngineCor
2026-08-24T12:37:20+08:00, 719438  719430 36.1  2.9 1932364 python
2026-08-24T12:37:20+08:00, 721184  719438  0.0  0.0 14596 python
2026-08-24T12:37:20+08:00, 721185  719438  113  4.5 2965408 VLLM::EngineCor
2026-08-24T12:37:21+08:00, 719438  719430 35.7  2.9 1932364 python
2026-08-24T12:37:21+08:00, 721184  719438  0.0  0.0 14596 python
2026-08-24T12:37:21+08:00, 721185  719438  113  4.5 2965408 VLLM::EngineCor
2026-08-24T12:37:22+08:00, 719438  719430 35.3  2.9 1932364 python
2026-08-24T12:37:22+08:00, 721184  719438  0.0  0.0 14596 python
2026-08-24T12:37:22+08:00, 721185  719438  112  4.5 2965436 VLLM::EngineCor
2026-08-24T12:37:23+08:00, 719438  719430 35.0  2.9 1932364 python
2026-08-24T12:37:23+08:00, 721184  719438  0.0  0.0 14596 python
2026-08-24T12:37:23+08:00, 721185  719438  112  4.5 2965440 VLLM::EngineCor
2026-08-24T12:37:24+08:00, 719438  719430 34.6  2.9 1932364 python
2026-08-24T12:37:24+08:00, 721184  719438  0.0  0.0 14596 python
2026-08-24T12:37:24+08:00, 721185  719438  111  4.5 2965504 VLLM::EngineCor
2026-08-24T12:37:26+08:00, 719438  719430 34.3  2.9 1932364 python
2026-08-24T12:37:26+08:00, 721184  719438  0.0  0.0 14596 python
2026-08-24T12:37:26+08:00, 721185  719438  111  4.5 2965504 VLLM::EngineCor
2026-08-24T12:37:27+08:00, 719438  719430 33.9  2.9 1932364 python
2026-08-24T12:37:27+08:00, 721184  719438  0.0  0.0 14596 python
2026-08-24T12:37:27+08:00, 721185  719438  111  4.5 2965504 VLLM::EngineCor
2026-08-24T12:37:28+08:00, 719438  719430 33.6  2.9 1932364 python
2026-08-24T12:37:28+08:00, 721184  719438  0.0  0.0 14596 python
2026-08-24T12:37:28+08:00, 721185  719438  109  4.5 2965572 VLLM::EngineCor
2026-08-24T12:37:29+08:00, 719438  719430 32.9  2.9 1932364 python
2026-08-24T12:37:29+08:00, 721184  719438  0.0  0.0 14596 python
2026-08-24T12:37:29+08:00, 721185  719438  109  4.5 2969168 VLLM::EngineCor
2026-08-24T12:37:30+08:00, 719438  719430 32.6  2.9 1932364 python
2026-08-24T12:37:30+08:00, 721184  719438  0.0  0.0 14596 python
2026-08-24T12:37:30+08:00, 721185  719438  108  4.5 2969488 VLLM::EngineCor
2026-08-24T12:37:31+08:00, 719438  719430 32.3  2.9 1932364 python
2026-08-24T12:37:31+08:00, 721184  719438  0.0  0.0 14596 python
2026-08-24T12:37:31+08:00, 721185  719438  108  4.5 2971064 VLLM::EngineCor
2026-08-24T12:37:32+08:00, 719438  719430 32.0  2.9 1932364 python
2026-08-24T12:37:32+08:00, 721184  719438  0.0  0.0 14596 python
2026-08-24T12:37:32+08:00, 721185  719438  108  4.5 2971760 VLLM::EngineCor
2026-08-24T12:37:33+08:00, 719438  719430 31.7  2.9 1932364 python
2026-08-24T12:37:33+08:00, 721184  719438  0.0  0.0 14596 python
2026-08-24T12:37:33+08:00, 721185  719438  108  4.5 2977792 VLLM::EngineCor
2026-08-24T12:37:34+08:00, 719438  719430 31.4  2.9 1932364 python
2026-08-24T12:37:34+08:00, 721184  719438  0.0  0.0 14596 python
2026-08-24T12:37:34+08:00, 721185  719438  107  4.5 2979996 VLLM::EngineCor
2026-08-24T12:37:35+08:00, 719438  719430 31.1  2.9 1932364 python
2026-08-24T12:37:35+08:00, 721184  719438  0.0  0.0 14596 python
2026-08-24T12:37:35+08:00, 721185  719438  107  4.5 2980868 VLLM::EngineCor
2026-08-24T12:37:36+08:00, 719438  719430 30.8  2.9 1932364 python
2026-08-24T12:37:36+08:00, 721184  719438  0.0  0.0 14596 python
2026-08-24T12:37:36+08:00, 721185  719438  107  4.5 2983036 VLLM::EngineCor
2026-08-24T12:37:38+08:00, 719438  719430 30.6  2.9 1932364 python
2026-08-24T12:37:38+08:00, 721184  719438  0.0  0.0 14596 python
2026-08-24T12:37:38+08:00, 721185  719438  107  4.5 2985712 VLLM::EngineCor
2026-08-24T12:37:39+08:00, 719438  719430 30.3  2.9 1932364 python
2026-08-24T12:37:39+08:00, 721184  719438  0.0  0.0 14596 python
2026-08-24T12:37:39+08:00, 721185  719438  107  4.5 2993964 VLLM::EngineCor
2026-08-24T12:37:40+08:00, 719438  719430 30.0  2.9 1932364 python
2026-08-24T12:37:40+08:00, 721184  719438  0.0  0.0 14596 python
2026-08-24T12:37:40+08:00, 721185  719438  105  4.5 2995940 VLLM::EngineCor
2026-08-24T12:37:41+08:00, 719438  719430 29.5  2.9 1932364 python
2026-08-24T12:37:41+08:00, 721184  719438  0.0  0.0 14596 python
2026-08-24T12:37:41+08:00, 721185  719438  105  4.5 2999124 VLLM::EngineCor
2026-08-24T12:37:42+08:00, 719438  719430 29.2  2.9 1932364 python
2026-08-24T12:37:42+08:00, 721184  719438  0.0  0.0 14596 python
2026-08-24T12:37:42+08:00, 721185  719438  105  4.5 3000208 VLLM::EngineCor
2026-08-24T12:37:43+08:00, 719438  719430 29.0  2.9 1932364 python
2026-08-24T12:37:43+08:00, 721184  719438  0.0  0.0 14596 python
2026-08-24T12:37:43+08:00, 721185  719438  105  4.5 3003284 VLLM::EngineCor
2026-08-24T12:37:44+08:00, 719438  719430 28.7  2.9 1932364 python
2026-08-24T12:37:44+08:00, 721184  719438  0.0  0.0 14596 python
2026-08-24T12:37:44+08:00, 721185  719438  104  4.5 3004172 VLLM::EngineCor
2026-08-24T12:37:45+08:00, 719438  719430 28.5  2.9 1932364 python
2026-08-24T12:37:45+08:00, 721184  719438  0.0  0.0 14596 python
2026-08-24T12:37:45+08:00, 721185  719438  104  4.7 3101676 VLLM::EngineCor
2026-08-24T12:37:46+08:00, 719438  719430 28.3  2.9 1932364 python
2026-08-24T12:37:46+08:00, 721184  719438  0.0  0.0 14596 python
2026-08-24T12:37:46+08:00, 721185  719438  105  4.7 3132148 VLLM::EngineCor
2026-08-24T12:37:47+08:00, 719438  719430 28.0  2.9 1932364 python
2026-08-24T12:37:47+08:00, 721184  719438  0.0  0.0 14596 python
2026-08-24T12:37:47+08:00, 721185  719438  105  4.7 3142772 VLLM::EngineCor
2026-08-24T12:37:48+08:00, 719438  719430 27.8  2.9 1932364 python
2026-08-24T12:37:48+08:00, 721184  719438  0.0  0.0 14596 python
2026-08-24T12:37:48+08:00, 721185  719438  105  4.8 3148344 VLLM::EngineCor
2026-08-24T12:37:50+08:00, 719438  719430 27.6  2.9 1932364 python
2026-08-24T12:37:50+08:00, 721184  719438  0.0  0.0 14596 python
2026-08-24T12:37:50+08:00, 721185  719438  104  4.8 3154496 VLLM::EngineCor
2026-08-24T12:37:51+08:00, 719438  719430 27.3  2.9 1932364 python
2026-08-24T12:37:51+08:00, 721184  719438  0.0  0.0 14596 python
2026-08-24T12:37:51+08:00, 721185  719438  103  4.8 3154496 VLLM::EngineCor
2026-08-24T12:37:52+08:00, 719438  719430 27.1  2.9 1932364 python
2026-08-24T12:37:52+08:00, 721184  719438  0.0  0.0 14596 python
2026-08-24T12:37:52+08:00, 721185  719438  101  4.8 3154496 VLLM::EngineCor
2026-08-24T12:37:53+08:00, 719438  719430 26.7  2.9 1932364 python
2026-08-24T12:37:53+08:00, 721184  719438  0.0  0.0 14596 python
2026-08-24T12:37:53+08:00, 721185  719438  100  4.8 3155164 VLLM::EngineCor
2026-08-24T12:37:54+08:00, 719438  719430 26.5  2.9 1932364 python
2026-08-24T12:37:54+08:00, 721184  719438  0.0  0.0 14596 python
2026-08-24T12:37:54+08:00, 721185  719438  102  4.8 3156372 VLLM::EngineCor
2026-08-24T12:37:55+08:00, 719438  719430 26.3  2.9 1932364 python
2026-08-24T12:37:55+08:00, 721184  719438  0.0  0.0 14596 python
2026-08-24T12:37:55+08:00, 721185  719438  101  4.8 3156400 VLLM::EngineCor
2026-08-24T12:37:56+08:00, 719438  719430 26.1  2.9 1932364 python
2026-08-24T12:37:56+08:00, 721184  719438  0.0  0.0 14596 python
2026-08-24T12:37:56+08:00, 721185  719438  101  4.8 3164716 VLLM::EngineCor
2026-08-24T12:37:57+08:00, 719438  719430 25.9  2.9 1932364 python
2026-08-24T12:37:57+08:00, 721184  719438  0.0  0.0 14596 python
2026-08-24T12:37:57+08:00, 721185  719438  101  4.8 3171740 VLLM::EngineCor
2026-08-24T12:37:58+08:00, 719438  719430 25.7  2.9 1932364 python
2026-08-24T12:37:58+08:00, 721184  719438  0.0  0.0 14596 python
2026-08-24T12:37:58+08:00, 721185  719438  101  4.9 3249756 VLLM::EngineCor
2026-08-24T12:37:59+08:00, 719438  719430 25.5  2.9 1932364 python
2026-08-24T12:37:59+08:00, 721184  719438  0.0  0.0 14596 python
2026-08-24T12:37:59+08:00, 721185  719438  102  5.0 3339808 VLLM::EngineCor
2026-08-24T12:38:01+08:00, 719438  719430 25.3  2.9 1932364 python
2026-08-24T12:38:01+08:00, 721184  719438  0.0  0.0 14596 python
2026-08-24T12:38:01+08:00, 721185  719438  102  5.1 3383320 VLLM::EngineCor
2026-08-24T12:38:02+08:00, 719438  719430 25.6  2.8 1842024 python
2026-08-24T12:38:02+08:00, 721184  719438  0.0  0.0 14596 python
2026-08-24T12:38:02+08:00, 721185  719438  101  4.8 3187056 VLLM::EngineCor
2026-08-24T12:38:03+08:00, 719438  719430 26.2  2.8 1875688 python
2026-08-24T12:38:03+08:00, 721184  719438  0.0  0.0 14596 python
2026-08-24T12:38:03+08:00, 721185  719438 99.8  4.8 3187056 VLLM::EngineCor
2026-08-24T12:38:04+08:00, 719438  719430 26.6  2.9 1915740 python
2026-08-24T12:38:04+08:00, 721184  719438  0.0  0.0 14596 python
2026-08-24T12:38:04+08:00, 721185  719438 98.9  4.8 3187056 VLLM::EngineCor
2026-08-24T12:38:05+08:00, 719438  719430 27.2  2.9 1932636 python
2026-08-24T12:38:05+08:00, 721184  719438  0.0  0.0 14596 python
2026-08-24T12:38:05+08:00, 721185  719438 98.1  4.8 3187056 VLLM::EngineCor
2026-08-24T12:38:06+08:00, 719438  719430 27.8  3.0 1976008 python
2026-08-24T12:38:06+08:00, 721184  719438  0.0  0.0 14596 python
2026-08-24T12:38:06+08:00, 721185  719438 97.3  4.8 3187056 VLLM::EngineCor
2026-08-24T12:38:07+08:00, 719438  719430 28.3  3.0 2021960 python
2026-08-24T12:38:07+08:00, 721184  719438  0.0  0.0 14596 python
2026-08-24T12:38:07+08:00, 721185  719438 96.5  4.8 3187056 VLLM::EngineCor
2026-08-24T12:38:08+08:00, 719438  719430 28.9  3.1 2074028 python
2026-08-24T12:38:08+08:00, 721184  719438  0.0  0.0 14596 python
2026-08-24T12:38:08+08:00, 721185  719438 95.7  4.8 3187056 VLLM::EngineCor
2026-08-24T12:38:09+08:00, 719438  719430 29.5  3.2 2159252 python
2026-08-24T12:38:09+08:00, 721184  719438  0.0  0.0 14596 python
2026-08-24T12:38:09+08:00, 721185  719438 94.9  4.8 3187056 VLLM::EngineCor
2026-08-24T12:38:10+08:00, 719438  719430 30.0  3.3 2212124 python
2026-08-24T12:38:10+08:00, 721184  719438  0.0  0.0 14596 python
2026-08-24T12:38:10+08:00, 721185  719438 94.1  4.8 3187056 VLLM::EngineCor
2026-08-24T12:38:11+08:00, 719438  719430 30.6  3.4 2250036 python
2026-08-24T12:38:11+08:00, 721184  719438  0.0  0.0 14596 python
2026-08-24T12:38:11+08:00, 721185  719438 93.4  4.8 3187056 VLLM::EngineCor
2026-08-24T12:38:13+08:00, 719438  719430 31.1  3.5 2333820 python
2026-08-24T12:38:13+08:00, 721184  719438  0.0  0.0 14596 python
2026-08-24T12:38:13+08:00, 721185  719438 92.6  4.8 3187056 VLLM::EngineCor
2026-08-24T12:38:14+08:00, 719438  719430 31.7  3.6 2402520 python
2026-08-24T12:38:14+08:00, 721184  719438  0.0  0.0 14596 python
2026-08-24T12:38:14+08:00, 721185  719438 91.9  4.8 3187056 VLLM::EngineCor
2026-08-24T12:38:15+08:00, 719438  719430 32.2  3.3 2224676 python
2026-08-24T12:38:15+08:00, 721184  719438  0.0  0.0 14596 python
2026-08-24T12:38:15+08:00, 721185  719438 90.5  4.8 3187056 VLLM::EngineCor
2026-08-24T12:38:16+08:00, 719438  719430 32.5  3.4 2252420 python
2026-08-24T12:38:16+08:00, 721184  719438  0.0  0.0 14596 python
2026-08-24T12:38:16+08:00, 721185  719438 89.8  4.8 3187056 VLLM::EngineCor
2026-08-24T12:38:17+08:00, 719438  719430 33.0  3.4 2252428 python
2026-08-24T12:38:17+08:00, 721184  719438  0.0  0.0 14596 python
2026-08-24T12:38:17+08:00, 721185  719438 89.1  4.8 3187060 VLLM::EngineCor
2026-08-24T12:38:18+08:00, 719438  719430 33.5  3.5 2303264 python
2026-08-24T12:38:18+08:00, 721184  719438  0.0  0.0 14596 python
2026-08-24T12:38:18+08:00, 721185  719438 88.4  4.8 3187060 VLLM::EngineCor
2026-08-24T12:38:19+08:00, 719438  719430 34.0  3.5 2303716 python
2026-08-24T12:38:19+08:00, 721184  719438  0.0  0.0 14596 python
2026-08-24T12:38:19+08:00, 721185  719438 87.7  4.8 3187060 VLLM::EngineCor
2026-08-24T12:38:20+08:00, 719438  719430 34.5  3.5 2330176 python
2026-08-24T12:38:20+08:00, 721184  719438  0.0  0.0 14596 python
2026-08-24T12:38:20+08:00, 721185  719438 87.1  4.8 3187060 VLLM::EngineCor
2026-08-24T12:38:21+08:00, 719438  719430 35.0  3.5 2334296 python
2026-08-24T12:38:21+08:00, 721184  719438  0.0  0.0 14596 python
2026-08-24T12:38:21+08:00, 721185  719438 86.4  4.8 3187060 VLLM::EngineCor
2026-08-24T12:38:22+08:00, 719438  719430 35.1  3.5 2329492 python
2026-08-24T12:38:22+08:00, 721184  719438  0.0  0.0 14596 python
2026-08-24T12:38:22+08:00, 721185  719438 85.9  4.8 3209076 VLLM::EngineCor
2026-08-24T12:38:24+08:00, 719438  719430 34.9  3.5 2329492 python
2026-08-24T12:38:24+08:00, 721184  719438  0.0  0.0 14596 python
2026-08-24T12:38:24+08:00, 721185  719438 85.7  4.9 3218184 VLLM::EngineCor
2026-08-24T12:38:25+08:00, 719438  719430 34.7  3.5 2329500 python
2026-08-24T12:38:25+08:00, 721184  719438  0.0  0.0 14596 python
2026-08-24T12:38:25+08:00, 721185  719438 85.4  5.0 3320068 VLLM::EngineCor
2026-08-24T12:38:26+08:00, 719438  719430 34.5  3.5 2329512 python
2026-08-24T12:38:26+08:00, 721184  719438  0.0  0.0 14596 python
2026-08-24T12:38:26+08:00, 721185  719438 85.6  5.0 3320080 VLLM::EngineCor
2026-08-24T12:38:27+08:00, 719438  719430 34.1  3.5 2329524 python
2026-08-24T12:38:27+08:00, 721184  719438  0.0  0.0 14596 python
2026-08-24T12:38:27+08:00, 721185  719438 85.2  5.0 3320092 VLLM::EngineCor
2026-08-24T12:38:28+08:00, 719438  719430 33.9  3.5 2329528 python
2026-08-24T12:38:28+08:00, 721184  719438  0.0  0.0 14596 python
2026-08-24T12:38:28+08:00, 721185  719438 85.3  5.0 3320120 VLLM::EngineCor
2026-08-24T12:38:29+08:00, 719438  719430 33.7  3.5 2329528 python
2026-08-24T12:38:29+08:00, 721184  719438  0.0  0.0 14596 python
2026-08-24T12:38:29+08:00, 721185  719438 85.5  5.0 3320128 VLLM::EngineCor
2026-08-24T12:38:30+08:00, 719438  719430 33.6  3.5 2329528 python
2026-08-24T12:38:30+08:00, 721184  719438  0.0  0.0 14596 python
2026-08-24T12:38:30+08:00, 721185  719438 85.7  5.0 3320128 VLLM::EngineCor
2026-08-24T12:38:31+08:00, 719438  719430 33.4  3.5 2329528 python
2026-08-24T12:38:31+08:00, 721184  719438  0.0  0.0 14596 python
2026-08-24T12:38:31+08:00, 721185  719438 85.9  5.0 3320128 VLLM::EngineCor
2026-08-24T12:38:32+08:00, 719438  719430 33.3  3.5 2329532 python
2026-08-24T12:38:32+08:00, 721184  719438  0.0  0.0 14596 python
2026-08-24T12:38:32+08:00, 721185  719438 86.0  5.0 3340332 VLLM::EngineCor
2026-08-24T12:38:33+08:00, 719438  719430 33.1  3.5 2329532 python
2026-08-24T12:38:33+08:00, 721184  719438  0.0  0.0 14596 python
2026-08-24T12:38:33+08:00, 721185  719438 86.2  5.0 3340332 VLLM::EngineCor
2026-08-24T12:38:34+08:00, 719438  719430 32.9  3.5 2329532 python
2026-08-24T12:38:34+08:00, 721184  719438  0.0  0.0 14596 python
2026-08-24T12:38:34+08:00, 721185  719438 86.4  5.0 3340332 VLLM::EngineCor
2026-08-24T12:38:36+08:00, 719438  719430 32.8  3.5 2329532 python
2026-08-24T12:38:36+08:00, 721184  719438  0.0  0.0 14596 python
2026-08-24T12:38:36+08:00, 721185  719438 86.6  5.0 3340332 VLLM::EngineCor
2026-08-24T12:38:37+08:00, 719438  719430 32.6  3.5 2329532 python
2026-08-24T12:38:37+08:00, 721184  719438  0.0  0.0 14596 python
2026-08-24T12:38:37+08:00, 721185  719438 86.8  5.0 3340332 VLLM::EngineCor
2026-08-24T12:38:38+08:00, 719438  719430 32.5  3.5 2329532 python
2026-08-24T12:38:38+08:00, 721184  719438  0.0  0.0 14596 python
2026-08-24T12:38:38+08:00, 721185  719438 87.0  5.0 3340332 VLLM::EngineCor
2026-08-24T12:38:39+08:00, 719438  719430 32.1  3.5 2329532 python
2026-08-24T12:38:39+08:00, 721184  719438  0.0  0.0 14596 python
2026-08-24T12:38:39+08:00, 721185  719438 86.6  5.0 3340332 VLLM::EngineCor
2026-08-24T12:38:40+08:00, 719438  719430 32.0  3.5 2329532 python
2026-08-24T12:38:40+08:00, 721184  719438  0.0  0.0 14596 python
2026-08-24T12:38:40+08:00, 721185  719438 86.7  5.0 3340332 VLLM::EngineCor
2026-08-24T12:38:41+08:00, 719438  719430 31.9  3.5 2329536 python
2026-08-24T12:38:41+08:00, 721184  719438  0.0  0.0 14596 python
2026-08-24T12:38:41+08:00, 721185  719438 86.9  5.1 3360492 VLLM::EngineCor
2026-08-24T12:38:42+08:00, 719438  719430 31.7  3.5 2329536 python
2026-08-24T12:38:42+08:00, 721184  719438  0.0  0.0 14596 python
2026-08-24T12:38:42+08:00, 721185  719438 87.0  5.1 3360492 VLLM::EngineCor
2026-08-24T12:38:43+08:00, 719438  719430 31.6  3.5 2329536 python
2026-08-24T12:38:43+08:00, 721184  719438  0.0  0.0 14596 python
2026-08-24T12:38:43+08:00, 721185  719438 87.2  5.1 3360492 VLLM::EngineCor
2026-08-24T12:38:44+08:00, 719438  719430 31.4  3.5 2329536 python
2026-08-24T12:38:44+08:00, 721184  719438  0.0  0.0 14596 python
2026-08-24T12:38:44+08:00, 721185  719438 87.4  5.1 3360492 VLLM::EngineCor
2026-08-24T12:38:45+08:00, 719438  719430 31.3  3.5 2329536 python
2026-08-24T12:38:45+08:00, 721184  719438  0.0  0.0 14596 python
2026-08-24T12:38:45+08:00, 721185  719438 87.5  5.1 3360492 VLLM::EngineCor
2026-08-24T12:38:46+08:00, 719438  719430 31.1  3.5 2329536 python
2026-08-24T12:38:46+08:00, 721184  719438  0.0  0.0 14596 python
2026-08-24T12:38:46+08:00, 721185  719438 87.7  5.1 3360492 VLLM::EngineCor
2026-08-24T12:38:48+08:00, 719438  719430 31.0  3.5 2329536 python
2026-08-24T12:38:48+08:00, 721184  719438  0.0  0.0 14596 python
2026-08-24T12:38:48+08:00, 721185  719438 87.9  5.1 3360492 VLLM::EngineCor
2026-08-24T12:38:49+08:00, 719438  719430 30.9  3.5 2329536 python
2026-08-24T12:38:49+08:00, 721184  719438  0.0  0.0 14596 python
2026-08-24T12:38:49+08:00, 721185  719438 88.0  5.1 3380656 VLLM::EngineCor
2026-08-24T12:38:50+08:00, 719438  719430 30.8  3.5 2329536 python
2026-08-24T12:38:50+08:00, 721184  719438  0.0  0.0 14596 python
2026-08-24T12:38:50+08:00, 721185  719438 88.2  5.1 3380656 VLLM::EngineCor
2026-08-24T12:38:51+08:00, 719438  719430 30.5  3.5 2329536 python
2026-08-24T12:38:51+08:00, 721184  719438  0.0  0.0 14596 python
2026-08-24T12:38:51+08:00, 721185  719438 87.8  5.1 3380656 VLLM::EngineCor
2026-08-24T12:38:52+08:00, 719438  719430 30.3  3.5 2329536 python
2026-08-24T12:38:52+08:00, 721184  719438  0.0  0.0 14596 python
2026-08-24T12:38:52+08:00, 721185  719438 88.0  5.1 3380656 VLLM::EngineCor
2026-08-24T12:38:53+08:00, 719438  719430 30.2  3.5 2329536 python
2026-08-24T12:38:53+08:00, 721184  719438  0.0  0.0 14596 python
2026-08-24T12:38:53+08:00, 721185  719438 88.1  5.1 3380656 VLLM::EngineCor
2026-08-24T12:38:54+08:00, 719438  719430 30.1  3.5 2329536 python
2026-08-24T12:38:54+08:00, 721184  719438  0.0  0.0 14596 python
2026-08-24T12:38:54+08:00, 721185  719438 88.3  5.1 3380656 VLLM::EngineCor
2026-08-24T12:38:55+08:00, 719438  719430 29.9  3.5 2329536 python
2026-08-24T12:38:55+08:00, 721184  719438  0.0  0.0 14596 python
2026-08-24T12:38:55+08:00, 721185  719438 88.4  5.1 3380656 VLLM::EngineCor
2026-08-24T12:38:56+08:00, 719438  719430 29.8  3.5 2329536 python
2026-08-24T12:38:56+08:00, 721184  719438  0.0  0.0 14596 python
2026-08-24T12:38:56+08:00, 721185  719438 88.6  5.1 3380656 VLLM::EngineCor
2026-08-24T12:38:57+08:00, 719438  719430 29.7  3.5 2329536 python
2026-08-24T12:38:57+08:00, 721184  719438  0.0  0.0 14596 python
2026-08-24T12:38:57+08:00, 721185  719438 88.7  5.1 3380656 VLLM::EngineCor
2026-08-24T12:38:58+08:00, 719438  719430 29.6  3.5 2329536 python
2026-08-24T12:38:58+08:00, 721184  719438  0.0  0.0 14596 python
2026-08-24T12:38:58+08:00, 721185  719438 88.9  5.1 3380668 VLLM::EngineCor
2026-08-24T12:39:00+08:00, 719438  719430 29.4  3.5 2329536 python
2026-08-24T12:39:00+08:00, 721184  719438  0.0  0.0 14596 python
2026-08-24T12:39:00+08:00, 721185  719438 89.0  5.1 3380668 VLLM::EngineCor
2026-08-24T12:39:01+08:00, 719438  719430 29.3  3.5 2329536 python
2026-08-24T12:39:01+08:00, 721184  719438  0.0  0.0 14596 python
2026-08-24T12:39:01+08:00, 721185  719438 89.2  5.1 3380676 VLLM::EngineCor
2026-08-24T12:39:02+08:00, 719438  719430 29.2  3.5 2329536 python
2026-08-24T12:39:02+08:00, 721184  719438  0.0  0.0 14596 python
2026-08-24T12:39:02+08:00, 721185  719438 88.8  5.1 3380676 VLLM::EngineCor
2026-08-24T12:39:03+08:00, 719438  719430 28.9  3.5 2329536 python
2026-08-24T12:39:03+08:00, 721184  719438  0.0  0.0 14596 python
2026-08-24T12:39:03+08:00, 721185  719438 89.0  5.1 3380676 VLLM::EngineCor
2026-08-24T12:39:04+08:00, 719438  719430 28.8  3.5 2329536 python
2026-08-24T12:39:04+08:00, 721184  719438  0.0  0.0 14596 python
2026-08-24T12:39:04+08:00, 721185  719438 89.1  5.1 3380680 VLLM::EngineCor
2026-08-24T12:39:05+08:00, 719438  719430 28.7  3.5 2329536 python
2026-08-24T12:39:05+08:00, 721184  719438  0.0  0.0 14596 python
2026-08-24T12:39:05+08:00, 721185  719438 89.2  5.1 3380680 VLLM::EngineCor
2026-08-24T12:39:06+08:00, 719438  719430 28.6  3.5 2329536 python
2026-08-24T12:39:06+08:00, 721184  719438  0.0  0.0 14596 python
2026-08-24T12:39:06+08:00, 721185  719438 89.4  5.1 3380680 VLLM::EngineCor
2026-08-24T12:39:07+08:00, 719438  719430 28.5  3.5 2329536 python
2026-08-24T12:39:07+08:00, 721184  719438  0.0  0.0 14596 python
2026-08-24T12:39:07+08:00, 721185  719438 89.5  5.1 3380684 VLLM::EngineCor
2026-08-24T12:39:08+08:00, 719438  719430 28.3  3.5 2329536 python
2026-08-24T12:39:08+08:00, 721184  719438  0.0  0.0 14596 python
2026-08-24T12:39:08+08:00, 721185  719438 89.6  5.1 3380684 VLLM::EngineCor
2026-08-24T12:39:09+08:00, 719438  719430 28.3  3.5 2329536 python
2026-08-24T12:39:09+08:00, 721184  719438  0.0  0.0 14596 python
2026-08-24T12:39:09+08:00, 721185  719438 89.7  5.1 3400844 VLLM::EngineCor
2026-08-24T12:39:10+08:00, 719438  719430 28.2  3.5 2329536 python
2026-08-24T12:39:10+08:00, 721184  719438  0.0  0.0 14596 python
2026-08-24T12:39:10+08:00, 721185  719438 89.9  5.1 3400844 VLLM::EngineCor
2026-08-24T12:39:12+08:00, 719438  719430 28.0  3.5 2329536 python
2026-08-24T12:39:12+08:00, 721184  719438  0.0  0.0 14596 python
2026-08-24T12:39:12+08:00, 721185  719438 90.0  5.1 3400844 VLLM::EngineCor
2026-08-24T12:39:13+08:00, 719438  719430 27.9  3.5 2329536 python
2026-08-24T12:39:13+08:00, 721184  719438  0.0  0.0 14596 python
2026-08-24T12:39:13+08:00, 721185  719438 90.1  5.1 3400844 VLLM::EngineCor
2026-08-24T12:39:14+08:00, 719438  719430 27.8  3.5 2329544 python
2026-08-24T12:39:14+08:00, 721184  719438  0.0  0.0 14596 python
2026-08-24T12:39:14+08:00, 721185  719438 89.8  5.1 3400844 VLLM::EngineCor
2026-08-24T12:39:15+08:00, 719438  719430 27.6  3.5 2329544 python
2026-08-24T12:39:15+08:00, 721184  719438  0.0  0.0 14596 python
2026-08-24T12:39:15+08:00, 721185  719438 89.9  5.1 3400844 VLLM::EngineCor
2026-08-24T12:39:16+08:00, 719438  719430 27.5  3.5 2329544 python
2026-08-24T12:39:16+08:00, 721184  719438  0.0  0.0 14596 python
2026-08-24T12:39:16+08:00, 721185  719438 90.0  5.1 3400844 VLLM::EngineCor
2026-08-24T12:39:17+08:00, 719438  719430 27.4  3.5 2329544 python
2026-08-24T12:39:17+08:00, 721184  719438  0.0  0.0 14596 python
2026-08-24T12:39:17+08:00, 721185  719438 90.1  5.2 3421004 VLLM::EngineCor
2026-08-24T12:39:18+08:00, 719438  719430 27.3  3.5 2329544 python
2026-08-24T12:39:18+08:00, 721184  719438  0.0  0.0 14596 python
2026-08-24T12:39:18+08:00, 721185  719438 90.2  5.2 3421008 VLLM::EngineCor
2026-08-24T12:39:19+08:00, 719438  719430 27.2  3.5 2329544 python
2026-08-24T12:39:19+08:00, 721184  719438  0.0  0.0 14596 python
2026-08-24T12:39:19+08:00, 721185  719438 90.4  5.2 3421008 VLLM::EngineCor
2026-08-24T12:39:20+08:00, 719438  719430 27.1  3.5 2329544 python
2026-08-24T12:39:20+08:00, 721184  719438  0.0  0.0 14596 python
2026-08-24T12:39:20+08:00, 721185  719438 90.5  5.2 3421012 VLLM::EngineCor
2026-08-24T12:39:21+08:00, 719438  719430 27.0  3.5 2329544 python
2026-08-24T12:39:21+08:00, 721184  719438  0.0  0.0 14596 python
2026-08-24T12:39:21+08:00, 721185  719438 90.6  5.2 3421012 VLLM::EngineCor
2026-08-24T12:39:22+08:00, 719438  719430 26.9  3.5 2329544 python
2026-08-24T12:39:22+08:00, 721184  719438  0.0  0.0 14596 python
2026-08-24T12:39:22+08:00, 721185  719438 90.7  5.2 3421012 VLLM::EngineCor
2026-08-24T12:39:24+08:00, 719438  719430 26.8  3.5 2329544 python
2026-08-24T12:39:24+08:00, 721184  719438  0.0  0.0 14596 python
2026-08-24T12:39:24+08:00, 721185  719438 90.9  5.2 3421016 VLLM::EngineCor
2026-08-24T12:39:25+08:00, 719438  719430 26.7  3.5 2329544 python
2026-08-24T12:39:25+08:00, 721184  719438  0.0  0.0 14596 python
2026-08-24T12:39:25+08:00, 721185  719438 91.0  5.2 3421016 VLLM::EngineCor
2026-08-24T12:39:26+08:00, 719438  719430 26.6  3.5 2329544 python
2026-08-24T12:39:26+08:00, 721184  719438  0.0  0.0 14596 python
2026-08-24T12:39:26+08:00, 721185  719438 90.6  5.2 3421016 VLLM::EngineCor
2026-08-24T12:39:27+08:00, 719438  719430 26.4  3.5 2329544 python
2026-08-24T12:39:27+08:00, 721184  719438  0.0  0.0 14596 python
2026-08-24T12:39:27+08:00, 721185  719438 90.8  5.2 3421020 VLLM::EngineCor
2026-08-24T12:39:28+08:00, 719438  719430 26.3  3.5 2329544 python
2026-08-24T12:39:28+08:00, 721184  719438  0.0  0.0 14596 python
2026-08-24T12:39:28+08:00, 721185  719438 90.9  5.2 3421020 VLLM::EngineCor
2026-08-24T12:39:29+08:00, 719438  719430 26.2  3.5 2329544 python
2026-08-24T12:39:29+08:00, 721184  719438  0.0  0.0 14596 python
2026-08-24T12:39:29+08:00, 721185  719438 91.0  5.2 3420820 VLLM::EngineCor
2026-08-24T12:39:30+08:00, 719438  719430 26.1  3.5 2329540 python
2026-08-24T12:39:30+08:00, 721184  719438  0.0  0.0 14596 python
2026-08-24T12:39:30+08:00, 721185  719438 91.1  5.2 3410644 VLLM::EngineCor
2026-08-24T12:39:31+08:00, 719438  719430 26.0  3.5 2329540 python
2026-08-24T12:39:31+08:00, 721184  719438  0.0  0.0 14596 python
2026-08-24T12:39:31+08:00, 721185  719438 91.1  5.3 3515572 VLLM::EngineCor
2026-08-24T12:39:32+08:00, 719438  719430 26.2  3.4 2229296 python
2026-08-24T12:39:32+08:00, 721184  719438  0.0  0.0 14596 python
2026-08-24T12:39:33+08:00, 719438  719430 26.6  3.3 2175932 python
